[
    {
        "model": "core.equipment",
        "pk": 1,
        "fields": {
            "station": "OP 10",
            "owner": "Customer",
            "eq_number": "1097268",
            "power_supply": "AC 220V 50HZ single phase",
            "power_kw": "1",
            "air_supply_bar": "no",
            "air_supply_diam": "no"
        }
    },
    {
        "model": "core.equipment",
        "pk": 2,
        "fields": {
            "station": "OP 20.1",
            "owner": "Preh",
            "eq_number": "1097269",
            "power_supply": "AC 220V 50HZ single phase",
            "power_kw": "1",
            "air_supply_bar": "no",
            "air_supply_diam": "no"
        }
    },
    {
        "model": "core.equipment",
        "pk": 3,
        "fields": {
            "station": "OP 20.2",
            "owner": "Preh",
            "eq_number": "1097271",
            "power_supply": "AC 220V 50HZ single phase",
            "power_kw": "1",
            "air_supply_bar": "no",
            "air_supply_diam": "no"
        }
    },
    {
        "model": "core.equipment",
        "pk": 4,
        "fields": {
            "station": "OP 30.1",
            "owner": "Preh",
            "eq_number": "1097272",
            "power_supply": "AC 220V 50HZ single phase",
            "power_kw": "1",
            "air_supply_bar": "no",
            "air_supply_diam": "no"
        }
    },
    {
        "model": "core.equipment",
        "pk": 5,
        "fields": {
            "station": "OP 30.2",
            "owner": "Preh",
            "eq_number": "1097273",
            "power_supply": "AC 220V 50HZ single phase",
            "power_kw": "1",
            "air_supply_bar": "no",
            "air_supply_diam": "no"
        }
    },
    {
        "model": "core.equipment",
        "pk": 6,
        "fields": {
            "station": "OP 40.1",
            "owner": "Preh",
            "eq_number": "1097274",
            "power_supply": "AC 220V 50HZ single phase",
            "power_kw": "1",
            "air_supply_bar": "no",
            "air_supply_diam": "no"
        }
    },
    {
        "model": "core.equipment",
        "pk": 7,
        "fields": {
            "station": "OP 40.2",
            "owner": "Preh",
            "eq_number": "1097275",
            "power_supply": "AC 220V 50HZ single phase",
            "power_kw": "1",
            "air_supply_bar": "no",
            "air_supply_diam": "no"
        }
    },
    {
        "model": "core.equipment",
        "pk": 8,
        "fields": {
            "station": "OP 50.1",
            "owner": "Preh",
            "eq_number": "1097276",
            "power_supply": "AC 220V 50HZ single phase",
            "power_kw": "2",
            "air_supply_bar": "6",
            "air_supply_diam": "12"
        }
    },
    {
        "model": "core.equipment",
        "pk": 9,
        "fields": {
            "station": "OP 50.2",
            "owner": "Preh",
            "eq_number": "1097277",
            "power_supply": "AC 220V 50HZ single phase",
            "power_kw": "2",
            "air_supply_bar": "6",
            "air_supply_diam": "12"
        }
    },
    {
        "model": "core.equipment",
        "pk": 10,
        "fields": {
            "station": "OP 60.1",
            "owner": "Preh",
            "eq_number": "1097278",
            "power_supply": "AC 220V 50HZ single phase",
            "power_kw": "1.5",
            "air_supply_bar": "6",
            "air_supply_diam": "12"
        }
    },
    {
        "model": "core.equipment",
        "pk": 11,
        "fields": {
            "station": "OP 60.2",
            "owner": "Preh",
            "eq_number": "1097279",
            "power_supply": "AC 220V 50HZ single phase",
            "power_kw": "1.5",
            "air_supply_bar": "6",
            "air_supply_diam": "12"
        }
    },
    {
        "model": "core.equipment",
        "pk": 12,
        "fields": {
            "station": "EOL 1",
            "owner": "Customer",
            "eq_number": "1097283",
            "power_supply": "AC 400V 50Hz 3~/N/PE - max. 32A",
            "power_kw": "",
            "air_supply_bar": "6",
            "air_supply_diam": "12"
        }
    },
    {
        "model": "core.equipment",
        "pk": 13,
        "fields": {
            "station": "EOL 2",
            "owner": "Customer",
            "eq_number": "1097285",
            "power_supply": "AC 400V 50Hz 3~/N/PE - max. 32A",
            "power_kw": "",
            "air_supply_bar": "6",
            "air_supply_diam": "12"
        }
    },
    {
        "model": "core.validationcategory",
        "pk": 1,
        "fields": {
            "code": "safety",
            "title": "1. SAFETY & EHS (Siguranță și Mediu)",
            "order": 1
        }
    },
    {
        "model": "core.validationcategory",
        "pk": 2,
        "fields": {
            "code": "hardware",
            "title": "2. CONSTRUCȚIE MECANICĂ & HARDWARE",
            "order": 2
        }
    },
    {
        "model": "core.validationcategory",
        "pk": 3,
        "fields": {
            "code": "capability",
            "title": "3. CAPABILITATE & PROCES",
            "order": 3
        }
    },
    {
        "model": "core.validationcategory",
        "pk": 4,
        "fields": {
            "code": "logic",
            "title": "4. LOGICA DE REBUT & ERORI",
            "order": 4
        }
    },
    {
        "model": "core.validationcategory",
        "pk": 5,
        "fields": {
            "code": "docs",
            "title": "5. DOCUMENTAȚIE & MENTENANȚĂ",
            "order": 5
        }
    },
    {
        "model": "core.validationchecklistitem",
        "pk": 1,
        "fields": {
            "category": 1,
            "ref_iatf": "7.1.3.1 (Siguranță)",
            "ref_vda": "P6.4.1 (Mediu lucru)",
            "test": "Pornește mașina în mod automat. Activează un element de siguranță (apasă E-Stop sau întrerupe cortina).",
            "expected": "Oprire Instantanee. Mașina nu trebuie să mai facă nicio mișcare mecanică. Resetarea necesită acțiune voită (buton albastru).",
            "example": "Dacă bagi mâna prin cortină, cilindrul de presare se oprește imediat.",
            "order": 1
        }
    },
    {
        "model": "core.validationchecklistitem",
        "pk": 2,
        "fields": {
            "category": 1,
            "ref_iatf": "P6.4.1 (Conformitate)",
            "ref_vda": "P6.4.1",
            "test": "Caută plăcuța metalică de identificare pe șasiu. Verifică dacă are marcajul \"CE\".",
            "expected": "Marcaj Prezent. Plăcuța conține: Producător, An, Serie, Tensiune, Presiune, Marcaj CE.",
            "example": "Plăcuța e nituită vizibil, nu e un abțibild care cade.",
            "order": 2
        }
    },
    {
        "model": "core.validationchecklistitem",
        "pk": 3,
        "fields": {
            "category": 1,
            "ref_iatf": "7.1.3.1 (Ergonomie)",
            "ref_vda": "P6.4.1 (Ergonomie)",
            "test": "Treci cu mâna (fără mănușă) pe la colțurile mașinii, profilele de aluminiu, sub masă. Verifică zgomotul în sarcină.",
            "expected": "Fără riscuri. Nu există muchii tăioase, bavuri metalice sau colțuri ascuțite.",
            "example": "Profilele de aluminiu au capace de plastic. Cablurile nu atârnă.",
            "order": 3
        }
    },
    {
        "model": "core.validationchecklistitem",
        "pk": 4,
        "fields": {
            "category": 2,
            "ref_iatf": "8.5.4.1 (Protecție)",
            "ref_vda": "P6.6.2 (Manipulare)",
            "test": "Ia o piesă HMI vopsită. Așaz-o în cuib (nest) și scoate-o de 10 ori. Verifică piesa la lumină.",
            "expected": "Zero Zgârieturi. Suprafețele de contact trebuie să fie din material moale (Rășină, POM, Cauciuc).",
            "example": "Cuibul e curat, nu are șuruburi metalice care ating fața piesei.",
            "order": 1
        }
    },
    {
        "model": "core.validationchecklistitem",
        "pk": 5,
        "fields": {
            "category": 2,
            "ref_iatf": "7.1.4 (Mediu)",
            "ref_vda": "P6.4.3 (ESD)",
            "test": "Măsoară cu aparatul ESD continuitatea între părțile metalice și pământare. Verifică materialele plastice.",
            "expected": "Disipativ / Conductiv. Toate metalele sunt legate la pământ. Plasticul de contact e negru (ESD Safe).",
            "example": "Dacă atingi cu sonda șurubelnița electrică și masa, aparatul piuie.",
            "order": 2
        }
    },
    {
        "model": "core.validationchecklistitem",
        "pk": 6,
        "fields": {
            "category": 2,
            "ref_iatf": "P6.4.1 (Ordinea)",
            "ref_vda": "P6.4.1",
            "test": "Deschide dulapul electric și uită-te la fire. Verifică traseul cablurilor pe mașină.",
            "expected": "Etichetare & Ordine. Toate firele au etichete. Cablurile mobile sunt în lanț port-cablu.",
            "example": "Pe fir scrie \"S12\" și pe senzor scrie \"S12\". Nu sunt fire lipite cu bandă.",
            "order": 3
        }
    },
    {
        "model": "core.validationchecklistitem",
        "pk": 7,
        "fields": {
            "category": 2,
            "ref_iatf": "10.2.4 (Poka-Yoke)",
            "ref_vda": "P6.4.2 (Design)",
            "test": "Încearcă să așezi piesa în cuib invers (rotită cu 180 grade sau cu fața în jos).",
            "expected": "Imposibil mecanic. Pinii de ghidare nu permit așezarea greșită a piesei.",
            "example": "Piesa intră doar într-o singură poziție. Nu poți forța asamblarea greșită.",
            "order": 4
        }
    },
    {
        "model": "core.validationchecklistitem",
        "pk": 8,
        "fields": {
            "category": 3,
            "ref_iatf": "7.1.5.1.1 (Statistica)",
            "ref_vda": "P6.4.1 (Cmk)",
            "test": "Rulează 50 de piese consecutive fără eroare. Cere raportul Cmk pentru caracteristica critică.",
            "expected": "Cmk >= 1.67. Procesul este stabil și centrat. Histogramă îngustă.",
            "example": "Dacă ținta e 1.2 Nm, toate valorile sunt între 1.18 și 1.22.",
            "order": 1
        }
    },
    {
        "model": "core.validationchecklistitem",
        "pk": 9,
        "fields": {
            "category": 3,
            "ref_iatf": "7.1.5.1.1 (MSA)",
            "ref_vda": "P6.4.1 (Precizie)",
            "test": "Ia piesa \"Master\" (Etalon). Măsoar-o de 10 ori la rând pe aceeași mașină.",
            "expected": "Variație < 10%. Mașina arată aproape aceeași valoare de fiecare dată.",
            "example": "Test Light Density: 500, 501, 499, 500 lux.",
            "order": 2
        }
    },
    {
        "model": "core.validationchecklistitem",
        "pk": 10,
        "fields": {
            "category": 3,
            "ref_iatf": "8.5.1.1 (Parametri)",
            "ref_vda": "P6.2.3 (Setări)",
            "test": "Compară foaia de parametri aprobată cu ce e setat în ecranul mașinii.",
            "expected": "Identic. Nu există abateri neaprobate.",
            "example": "Timp lipire: Foaie = 3.5s vs Mașină = 3.5s.",
            "order": 3
        }
    },
    {
        "model": "core.validationchecklistitem",
        "pk": 11,
        "fields": {
            "category": 4,
            "ref_iatf": "10.2.4 (Detecție)",
            "ref_vda": "P6.4.3 (Eroare)",
            "test": "Introdu o piesă defectă (ex: fără un clips). Dă Start.",
            "expected": "STOP / NOK. Mașina detectează eroarea înainte de a finaliza procesul.",
            "example": "Senzorul de prezență vede că lipsește clipsul.",
            "order": 1
        }
    },
    {
        "model": "core.validationchecklistitem",
        "pk": 12,
        "fields": {
            "category": 4,
            "ref_iatf": "10.2.3 (Interlock)",
            "ref_vda": "P6.3.2 (Blocare)",
            "test": "După ce mașina a dat NOK... Încearcă să bagi o piesă nouă imediat.",
            "expected": "Start Blocat. Nu poți porni ciclul nou până nu \"cureți\" eroarea.",
            "example": "Butonul de Start e inactiv. HMI-ul afișează \"Acknowledge Scrap\".",
            "order": 2
        }
    },
    {
        "model": "core.validationchecklistitem",
        "pk": 13,
        "fields": {
            "category": 4,
            "ref_iatf": "8.7.1.4 (Confirmare)",
            "ref_vda": "P6.3.2 (Segregare)",
            "test": "Când mașina cere \"Aruncă piesa\", bagă mâna în cutia de piese BUNE. Vezi dacă eroarea dispare.",
            "expected": "Nu se resetează. Eroarea dispare DOAR dacă senzorul vede mâna în cutia ROȘIE.",
            "example": "Senzorul de pe cutia roșie trebuie să confirme fizic aruncarea.",
            "order": 3
        }
    },
    {
        "model": "core.validationchecklistitem",
        "pk": 14,
        "fields": {
            "category": 4,
            "ref_iatf": "8.5.1.1 (Acces)",
            "ref_vda": "P6.2.3 (User)",
            "test": "Loghează-te ca Operator. Încearcă să dezactivezi senzorul de la cutia de rebut.",
            "expected": "Acces Interzis. Operatorul nu poate modifica logica de control.",
            "example": "Butonul de \"Settings\" este gri sau cere parolă.",
            "order": 4
        }
    },
    {
        "model": "core.validationchecklistitem",
        "pk": 15,
        "fields": {
            "category": 5,
            "ref_iatf": "8.5.1.5 (Piese)",
            "ref_vda": "P6.4.2 (Spare Parts)",
            "test": "Cere cutia cu \"Start-up Kit\". Verifică dacă ai piesele critice.",
            "expected": "Fizic prezente. Nu semnezi recepția pe promisiuni.",
            "example": "Ai în mână senzorul optic de rezervă și bitul de șurubelniță.",
            "order": 1
        }
    },
    {
        "model": "core.validationchecklistitem",
        "pk": 16,
        "fields": {
            "category": 5,
            "ref_iatf": "7.5.3.2 (Scheme)",
            "ref_vda": "P6.4.2 (Manuale)",
            "test": "Verifică dacă ai manualul de utilizare și schema electrică.",
            "expected": "Disponibil. Format digital (PDF) + O copie fizică la mașină.",
            "example": "Schema electrică corespunde cu tabloul.",
            "order": 2
        }
    },
    {
        "model": "core.validationchecklistitem",
        "pk": 17,
        "fields": {
            "category": 2,
            "ref_iatf": "7.1.4 (ESD)",
            "ref_vda": "P6.4.3 (ESD Cert)",
            "test": "Verifică certificatul ESD pentru stație după aducerea în plant. Solicită documentul de la furnizor/integrator.",
            "expected": "Certificat Valid. Stația are certificat ESD emis după instalare, cu valori de rezistență conformă (<10^9 Ohm).",
            "example": "Certificat ESD datat după data instalării, cu măsurători pe suprafețe de lucru și împământare.",
            "order": 5
        }
    },
    {
        "model": "core.validationchecklistitem",
        "pk": 18,
        "fields": {
            "category": 3,
            "ref_iatf": "7.1.5.1.1 (Capabilitate)",
            "ref_vda": "P6.4.1 (Print Quality)",
            "test": "Verifică capabilitatea pe calitatea etichetei printate pe produsul finit. Măsoară lizibilitate, contrast și aderență.",
            "expected": "Cpk >= 1.33. Eticheta este lizibilă, centrată, fără pete sau zone neclare. Aderența rezistă la test de zgâriere.",
            "example": "Scanează 50 etichete consecutive - toate citite corect de scanner. Contrast minim 80%.",
            "order": 4
        }
    },
    {
        "model": "core.validationchecklistitem",
        "pk": 19,
        "fields": {
            "category": 3,
            "ref_iatf": "7.1.5.1.1 (MSA)",
            "ref_vda": "P6.4.1 (Corelație)",
            "test": "Compară valorile EOL măsurate pe linie cu valorile Vericube. Rulează MSA 1 pentru corelație între echipamente.",
            "expected": "Diferență < 5%. Valorile EOL și Vericube trebuie să fie corelate. Bias acceptabil.",
            "example": "10 piese măsurate pe ambele: EOL=1.20Nm, Vericube=1.18Nm → Bias=1.7% OK.",
            "order": 5
        }
    },
    {
        "model": "core.validationchecklistitem",
        "pk": 20,
        "fields": {
            "category": 3,
            "ref_iatf": "7.1.5.1.1 (MSA 1)",
            "ref_vda": "P6.4.1 (Repetabilitate)",
            "test": "MSA 1 cu șurubelnița electrică: 3 operatori, fiecare măsoară aceeași piesă de 10 ori. Calculează repetabilitate.",
            "expected": "%GRR < 10% (Excelent) sau < 30% (Acceptabil). Variația între operatori minimă.",
            "example": "Operator A: 1.19-1.21Nm, Operator B: 1.18-1.21Nm, Operator C: 1.19-1.22Nm → GRR=8.5% OK.",
            "order": 6
        }
    },
    {
        "model": "core.validationchecklistitem",
        "pk": 21,
        "fields": {
            "category": 3,
            "ref_iatf": "7.1.5.1.1 (MSA 2)",
            "ref_vda": "P6.4.1 (Reproducibilitate)",
            "test": "MSA 2 cu șurubelnița electrică: 3 operatori, 10 piese diferite, fiecare piesă măsurată de 3 ori. Calculează reproducibilitate.",
            "expected": "%GRR < 10% (Excelent) sau < 30% (Acceptabil). ndc (număr categorii distincte) >= 5.",
            "example": "Studiu MSA2 complet cu Minitab: GRR=12%, ndc=7 → Acceptabil pentru producție.",
            "order": 7
        }
    },
    {
        "model": "core.validationchecklistitem",
        "pk": 22,
        "fields": {
            "category": 3,
            "ref_iatf": "8.5.1.6 (Verificare)",
            "ref_vda": "P6.2.3 (Start-up)",
            "test": "Verifică șurubelnița dinamometrică la start fiecare schimb. Compară valoarea citită cu etalon calibrat.",
            "expected": "Deviație < 2%. Înregistrare în fișa de verificare zilnică. Șurubelnița se folosește doar după confirmare.",
            "example": "Etalon=1.20Nm, Citire=1.19Nm → Deviație=0.8% OK. Operator semnează fișa.",
            "order": 8
        }
    }
]